hotel_name,locality,price,rating,score,review,link
Calais Heritage House Apartments,"Sea Point, Cape Town","ZAR 2,250",Good,7.3,19 reviews,https://www.booking.com/hotel/za/calais-heritage-house-apartments.en-gb.html?label=en-za-booking-desktop-6vl3YhHpuvNniarrGnwKowS652796016207%3Apl%3Ata%3Ap1%3Ap2%3Aac%3Aap%3Aneg%3Afi%3Atikwd-51481728%3Alp1028624%3Ali%3Adec%3Adm&aid=2311236&ucfs=1&arphpl=1&checkin=2025-08-01&checkout=2025-08-04&dest_id=-1217214&dest_type=city&group_adults=2&req_adults=2&no_rooms=1&group_children=0&req_children=0&hpos=1&hapos=1&sr_order=popularity&srpvid=721954d87f7808aa&srepoch=1753704243&all_sr_blocks=1298103403_403505463_2_0_0&highlighted_blocks=1298103403_403505463_2_0_0&matching_block_id=1298103403_403505463_2_0_0&sr_pri_blocks=1298103403_403505463_2_0_0__224980&from=searchresults
Cape Town Lodge Hotel,"Cape Town CBD, Cape Town","ZAR 1,723",Very good,8.1,"3,278 reviews",https://www.booking.com/hotel/za/cape-town-lodge.en-gb.html?label=en-za-booking-desktop-6vl3YhHpuvNniarrGnwKowS652796016207%3Apl%3Ata%3Ap1%3Ap2%3Aac%3Aap%3Aneg%3Afi%3Atikwd-51481728%3Alp1028624%3Ali%3Adec%3Adm&aid=2311236&ucfs=1&arphpl=1&checkin=2025-08-01&checkout=2025-08-04&dest_id=-1217214&dest_type=city&group_adults=2&req_adults=2&no_rooms=1&group_children=0&req_children=0&hpos=2&hapos=2&sr_order=popularity&srpvid=721954d87f7808aa&srepoch=1753704243&all_sr_blocks=1510721_0_2_0_0&highlighted_blocks=1510721_0_2_0_0&matching_block_id=1510721_0_2_0_0&sr_pri_blocks=1510721_0_2_0_0__172282&from=searchresults
Sunny Apartment with Pool&Terrace at The Docklands,"De Waterkant, Cape Town (De Waterkant)","ZAR 3,221",Fabulous,8.9,18 reviews,https://www.booking.com/hotel/za/deluxe-apartment-at-the-docklands.en-gb.html?label=en-za-booking-desktop-6vl3YhHpuvNniarrGnwKowS652796016207%3Apl%3Ata%3Ap1%3Ap2%3Aac%3Aap%3Aneg%3Afi%3Atikwd-51481728%3Alp1028624%3Ali%3Adec%3Adm&aid=2311236&ucfs=1&arphpl=1&checkin=2025-08-01&checkout=2025-08-04&dest_id=-1217214&dest_type=city&group_adults=2&req_adults=2&no_rooms=1&group_children=0&req_children=0&hpos=3&hapos=3&sr_order=popularity&srpvid=721954d87f7808aa&srepoch=1753704243&all_sr_blocks=1018840901_382365109_2_0_0_52158&highlighted_blocks=1018840901_382365109_2_0_0_52158&matching_block_id=1018840901_382365109_2_0_0_52158&sr_pri_blocks=1018840901_382365109_2_0_0_52158_322093&from=searchresults
The Quarter Apartments,"De Waterkant, Cape Town (De Waterkant)","ZAR 2,708",Very good,8.3,"1,043 reviews",https://www.booking.com/hotel/za/the-quarter-apartments.en-gb.html?label=en-za-booking-desktop-6vl3YhHpuvNniarrGnwKowS652796016207%3Apl%3Ata%3Ap1%3Ap2%3Aac%3Aap%3Aneg%3Afi%3Atikwd-51481728%3Alp1028624%3Ali%3Adec%3Adm&aid=2311236&ucfs=1&arphpl=1&checkin=2025-08-01&checkout=2025-08-04&dest_id=-1217214&dest_type=city&group_adults=2&req_adults=2&no_rooms=1&group_children=0&req_children=0&hpos=4&hapos=4&sr_order=popularity&srpvid=721954d87f7808aa&srepoch=1753704243&all_sr_blocks=682175208_342496122_2_0_0_644412&highlighted_blocks=682175208_342496122_2_0_0_644412&matching_block_id=682175208_342496122_2_0_0_644412&sr_pri_blocks=682175208_342496122_2_0_0_644412_270810&from=searchresults
Captivating Apartment with City and Mountain Views,"City Bowl, Cape Town (Foreshore)","ZAR 2,041",Good,7.9,26 reviews,https://www.booking.com/hotel/za/captivating-apartment-with-city-and-mountain-views.en-gb.html?label=en-za-booking-desktop-6vl3YhHpuvNniarrGnwKowS652796016207%3Apl%3Ata%3Ap1%3Ap2%3Aac%3Aap%3Aneg%3Afi%3Atikwd-51481728%3Alp1028624%3Ali%3Adec%3Adm&aid=2311236&ucfs=1&arphpl=1&checkin=2025-08-01&checkout=2025-08-04&dest_id=-1217214&dest_type=city&group_adults=2&req_adults=2&no_rooms=1&group_children=0&req_children=0&hpos=5&hapos=5&sr_order=popularity&srpvid=721954d87f7808aa&srepoch=1753704243&all_sr_blocks=1014476001_374010736_2_0_0&highlighted_blocks=1014476001_374010736_2_0_0&matching_block_id=1014476001_374010736_2_0_0&sr_pri_blocks=1014476001_374010736_2_0_0__204100&from=searchresults
Pullman Cape Town City Centre,"Cape Town CBD, Cape Town","ZAR 3,960",Good,7.9,381 reviews,https://www.booking.com/hotel/za/pullman-cape-town-city-center.en-gb.html?label=en-za-booking-desktop-6vl3YhHpuvNniarrGnwKowS652796016207%3Apl%3Ata%3Ap1%3Ap2%3Aac%3Aap%3Aneg%3Afi%3Atikwd-51481728%3Alp1028624%3Ali%3Adec%3Adm&aid=2311236&ucfs=1&arphpl=1&checkin=2025-08-01&checkout=2025-08-04&dest_id=-1217214&dest_type=city&group_adults=2&req_adults=2&no_rooms=1&group_children=0&req_children=0&hpos=6&hapos=6&sr_order=popularity&srpvid=721954d87f7808aa&srepoch=1753704243&all_sr_blocks=222381719_98366394_2_2_0&highlighted_blocks=222381719_98366394_2_2_0&matching_block_id=222381719_98366394_2_2_0&sr_pri_blocks=222381719_98366394_2_2_0__396000&from_sustainable_property_sr=1&from=searchresults
THREE43 ON B - Fluent Serviced Apartments,"Sea Point, Cape Town","ZAR 2,152",Fabulous,8.8,212 reviews,https://www.booking.com/hotel/za/three43-on-b.en-gb.html?label=en-za-booking-desktop-6vl3YhHpuvNniarrGnwKowS652796016207%3Apl%3Ata%3Ap1%3Ap2%3Aac%3Aap%3Aneg%3Afi%3Atikwd-51481728%3Alp1028624%3Ali%3Adec%3Adm&aid=2311236&ucfs=1&arphpl=1&checkin=2025-08-01&checkout=2025-08-04&dest_id=-1217214&dest_type=city&group_adults=2&req_adults=2&no_rooms=1&group_children=0&req_children=0&hpos=7&hapos=7&sr_order=popularity&srpvid=721954d87f7808aa&srepoch=1753704243&all_sr_blocks=1367215303_408972297_0_0_0_859425&highlighted_blocks=1367215303_408972297_0_0_0_859425&matching_block_id=1367215303_408972297_0_0_0_859425&sr_pri_blocks=1367215303_408972297_0_0_0_859425_215152&from=searchresults
The Docklands Luxury Apartments,"De Waterkant, Cape Town (De Waterkant)","ZAR 2,368",Good,7.4,190 reviews,https://www.booking.com/hotel/za/docklands-423.en-gb.html?label=en-za-booking-desktop-6vl3YhHpuvNniarrGnwKowS652796016207%3Apl%3Ata%3Ap1%3Ap2%3Aac%3Aap%3Aneg%3Afi%3Atikwd-51481728%3Alp1028624%3Ali%3Adec%3Adm&aid=2311236&ucfs=1&arphpl=1&checkin=2025-08-01&checkout=2025-08-04&dest_id=-1217214&dest_type=city&group_adults=2&req_adults=2&no_rooms=1&group_children=0&req_children=0&hpos=8&hapos=8&sr_order=popularity&srpvid=721954d87f7808aa&srepoch=1753704243&all_sr_blocks=557517008_207782994_0_0_0&highlighted_blocks=557517008_207782994_0_0_0&matching_block_id=557517008_207782994_0_0_0&sr_pri_blocks=557517008_207782994_0_0_0__236844&from=searchresults
The Capital 15 on Orange Hotel & Spa,"Cape Town CBD, Cape Town","ZAR 5,883",Fabulous,8.9,"1,286 reviews",https://www.booking.com/hotel/za/15-on-orange.en-gb.html?label=en-za-booking-desktop-6vl3YhHpuvNniarrGnwKowS652796016207%3Apl%3Ata%3Ap1%3Ap2%3Aac%3Aap%3Aneg%3Afi%3Atikwd-51481728%3Alp1028624%3Ali%3Adec%3Adm&aid=2311236&ucfs=1&arphpl=1&checkin=2025-08-01&checkout=2025-08-04&dest_id=-1217214&dest_type=city&group_adults=2&req_adults=2&no_rooms=1&group_children=0&req_children=0&hpos=9&hapos=9&sr_order=popularity&srpvid=721954d87f7808aa&srepoch=1753704243&all_sr_blocks=17127919_364278874_2_2_0_222046&highlighted_blocks=17127919_364278874_2_2_0_222046&matching_block_id=17127919_364278874_2_2_0_222046&sr_pri_blocks=17127919_364278874_2_2_0_222046_588330&from=searchresults
BlackBrick Cape Town Foreshore,"Cape Town CBD, Cape Town","ZAR 2,481",Good,7.6,"1,433 reviews",https://www.booking.com/hotel/za/blackbrick-cape-town.en-gb.html?label=en-za-booking-desktop-6vl3YhHpuvNniarrGnwKowS652796016207%3Apl%3Ata%3Ap1%3Ap2%3Aac%3Aap%3Aneg%3Afi%3Atikwd-51481728%3Alp1028624%3Ali%3Adec%3Adm&aid=2311236&ucfs=1&arphpl=1&checkin=2025-08-01&checkout=2025-08-04&dest_id=-1217214&dest_type=city&group_adults=2&req_adults=2&no_rooms=1&group_children=0&req_children=0&hpos=10&hapos=10&sr_order=popularity&srpvid=721954d87f7808aa&srepoch=1753704243&all_sr_blocks=721563102_399012422_2_2_0_225328&highlighted_blocks=721563102_399012422_2_2_0_225328&matching_block_id=721563102_399012422_2_2_0_225328&sr_pri_blocks=721563102_399012422_2_2_0_225328_248130&from=searchresults
Mouille Point Apartments,"Mouille Point, Cape Town","ZAR 2,722",Very good,8.0,"1,000 reviews",https://www.booking.com/hotel/za/mouille-point-village.en-gb.html?label=en-za-booking-desktop-6vl3YhHpuvNniarrGnwKowS652796016207%3Apl%3Ata%3Ap1%3Ap2%3Aac%3Aap%3Aneg%3Afi%3Atikwd-51481728%3Alp1028624%3Ali%3Adec%3Adm&aid=2311236&ucfs=1&arphpl=1&checkin=2025-08-01&checkout=2025-08-04&dest_id=-1217214&dest_type=city&group_adults=2&req_adults=2&no_rooms=1&group_children=0&req_children=0&hpos=11&hapos=11&sr_order=popularity&srpvid=721954d87f7808aa&srepoch=1753704243&all_sr_blocks=1511914_380533833_2_0_0_644428&highlighted_blocks=1511914_380533833_2_0_0_644428&matching_block_id=1511914_380533833_2_0_0_644428&sr_pri_blocks=1511914_380533833_2_0_0_644428_272160&from=searchresults
17D - Stylish Spacious Studio Scenic Balcony Views,"Camps Bay, Cape Town (Bakoven)","ZAR 1,560",Very good,8.0,1 review,https://www.booking.com/hotel/za/stylish-spacious-studio-scenic-balcony-views.en-gb.html?label=en-za-booking-desktop-6vl3YhHpuvNniarrGnwKowS652796016207%3Apl%3Ata%3Ap1%3Ap2%3Aac%3Aap%3Aneg%3Afi%3Atikwd-51481728%3Alp1028624%3Ali%3Adec%3Adm&aid=2311236&ucfs=1&arphpl=1&checkin=2025-08-01&checkout=2025-08-04&dest_id=-1217214&dest_type=city&group_adults=2&req_adults=2&no_rooms=1&group_children=0&req_children=0&hpos=12&hapos=12&sr_order=popularity&srpvid=721954d87f7808aa&srepoch=1753704243&all_sr_blocks=1422433102_413867073_2_0_0&highlighted_blocks=1422433102_413867073_2_0_0&matching_block_id=1422433102_413867073_2_0_0&sr_pri_blocks=1422433102_413867073_2_0_0__156000&from=searchresults
Lagoon Beach Hotel & Spa,"Milnerton, Cape Town (Milnerton)","ZAR 5,355",Good,7.7,"5,380 reviews",https://www.booking.com/hotel/za/lagoon-beach.en-gb.html?label=en-za-booking-desktop-6vl3YhHpuvNniarrGnwKowS652796016207%3Apl%3Ata%3Ap1%3Ap2%3Aac%3Aap%3Aneg%3Afi%3Atikwd-51481728%3Alp1028624%3Ali%3Adec%3Adm&aid=2311236&ucfs=1&arphpl=1&checkin=2025-08-01&checkout=2025-08-04&dest_id=-1217214&dest_type=city&group_adults=2&req_adults=2&no_rooms=1&group_children=0&req_children=0&hpos=13&hapos=13&sr_order=popularity&srpvid=721954d87f7808aa&srepoch=1753704243&all_sr_blocks=1521411_405449810_0_34_0_127565&highlighted_blocks=1521411_405449810_0_34_0_127565&matching_block_id=1521411_405449810_0_34_0_127565&sr_pri_blocks=1521411_405449810_0_34_0_127565_535500&from=searchresults
Amoris In Sea Point,"Sea Point, Cape Town","ZAR 3,391",Review score,6.3,368 reviews,https://www.booking.com/hotel/za/amoris-in-sea-point.en-gb.html?label=en-za-booking-desktop-6vl3YhHpuvNniarrGnwKowS652796016207%3Apl%3Ata%3Ap1%3Ap2%3Aac%3Aap%3Aneg%3Afi%3Atikwd-51481728%3Alp1028624%3Ali%3Adec%3Adm&aid=2311236&ucfs=1&arphpl=1&checkin=2025-08-01&checkout=2025-08-04&dest_id=-1217214&dest_type=city&group_adults=2&req_adults=2&no_rooms=1&group_children=0&req_children=0&hpos=14&hapos=14&sr_order=popularity&srpvid=721954d87f7808aa&srepoch=1753704243&all_sr_blocks=1225460902_408334175_2_0_0&highlighted_blocks=1225460902_408334175_2_0_0&matching_block_id=1225460902_408334175_2_0_0&sr_pri_blocks=1225460902_408334175_2_0_0__339090&from=searchresults
CapePod City Centre,"Cape Town CBD, Cape Town","ZAR 1,350",Review score,6.6,218 reviews,https://www.booking.com/hotel/za/capepod-on-loop.en-gb.html?label=en-za-booking-desktop-6vl3YhHpuvNniarrGnwKowS652796016207%3Apl%3Ata%3Ap1%3Ap2%3Aac%3Aap%3Aneg%3Afi%3Atikwd-51481728%3Alp1028624%3Ali%3Adec%3Adm&aid=2311236&ucfs=1&arphpl=1&checkin=2025-08-01&checkout=2025-08-04&dest_id=-1217214&dest_type=city&group_adults=2&req_adults=2&no_rooms=1&group_children=0&req_children=0&hpos=15&hapos=15&sr_order=popularity&srpvid=721954d87f7808aa&srepoch=1753704243&all_sr_blocks=1353899101_410283108_2_0_0&highlighted_blocks=1353899101_410283108_2_0_0&matching_block_id=1353899101_410283108_2_0_0&sr_pri_blocks=1353899101_410283108_2_0_0__135000&from=searchresults
The Rockefeller Hotel by NEWMARK,"Cape Town CBD, Cape Town (Foreshore)","ZAR 4,080",Very good,8.5,"4,136 reviews",https://www.booking.com/hotel/za/the-rockefeller.en-gb.html?label=en-za-booking-desktop-6vl3YhHpuvNniarrGnwKowS652796016207%3Apl%3Ata%3Ap1%3Ap2%3Aac%3Aap%3Aneg%3Afi%3Atikwd-51481728%3Alp1028624%3Ali%3Adec%3Adm&aid=2311236&ucfs=1&arphpl=1&checkin=2025-08-01&checkout=2025-08-04&dest_id=-1217214&dest_type=city&group_adults=2&req_adults=2&no_rooms=1&group_children=0&req_children=0&hpos=16&hapos=16&sr_order=popularity&srpvid=721954d87f7808aa&srepoch=1753704243&all_sr_blocks=781604601_384351501_0_2_0_254124&highlighted_blocks=781604601_384351501_0_2_0_254124&matching_block_id=781604601_384351501_0_2_0_254124&sr_pri_blocks=781604601_384351501_0_2_0_254124_408000&from=searchresults
Luxury Getaway at 32 Napier,"Green Point, Cape Town (De Waterkant)","ZAR 2,981",Superb,9.4,7 reviews,https://www.booking.com/hotel/za/luxury-getaway-at-32-napier.en-gb.html?label=en-za-booking-desktop-6vl3YhHpuvNniarrGnwKowS652796016207%3Apl%3Ata%3Ap1%3Ap2%3Aac%3Aap%3Aneg%3Afi%3Atikwd-51481728%3Alp1028624%3Ali%3Adec%3Adm&aid=2311236&ucfs=1&arphpl=1&checkin=2025-08-01&checkout=2025-08-04&dest_id=-1217214&dest_type=city&group_adults=2&req_adults=2&no_rooms=1&group_children=0&req_children=0&hpos=17&hapos=17&sr_order=popularity&srpvid=721954d87f7808aa&srepoch=1753704243&all_sr_blocks=1290188401_401971922_2_0_0&highlighted_blocks=1290188401_401971922_2_0_0&matching_block_id=1290188401_401971922_2_0_0&sr_pri_blocks=1290188401_401971922_2_0_0__298100&from=searchresults
The Capetonian - Halal,"Cape Town CBD, Cape Town (Foreshore)","ZAR 3,295",Good,7.5,"2,061 reviews",https://www.booking.com/hotel/za/the-capetonian.en-gb.html?label=en-za-booking-desktop-6vl3YhHpuvNniarrGnwKowS652796016207%3Apl%3Ata%3Ap1%3Ap2%3Aac%3Aap%3Aneg%3Afi%3Atikwd-51481728%3Alp1028624%3Ali%3Adec%3Adm&aid=2311236&ucfs=1&arphpl=1&checkin=2025-08-01&checkout=2025-08-04&dest_id=-1217214&dest_type=city&group_adults=2&req_adults=2&no_rooms=1&group_children=0&req_children=0&hpos=18&hapos=18&sr_order=popularity&srpvid=721954d87f7808aa&srepoch=1753704243&all_sr_blocks=280911822_403362410_2_41_0_285964&highlighted_blocks=280911822_403362410_2_41_0_285964&matching_block_id=280911822_403362410_2_41_0_285964&sr_pri_blocks=280911822_403362410_2_41_0_285964_329460&from=searchresults
Cape Diamond Boutique Hotel,"Cape Town CBD, Cape Town","ZAR 2,425",Good,7.6,"1,560 reviews",https://www.booking.com/hotel/za/cape-diamond-boutique.en-gb.html?label=en-za-booking-desktop-6vl3YhHpuvNniarrGnwKowS652796016207%3Apl%3Ata%3Ap1%3Ap2%3Aac%3Aap%3Aneg%3Afi%3Atikwd-51481728%3Alp1028624%3Ali%3Adec%3Adm&aid=2311236&ucfs=1&arphpl=1&checkin=2025-08-01&checkout=2025-08-04&dest_id=-1217214&dest_type=city&group_adults=2&req_adults=2&no_rooms=1&group_children=0&req_children=0&hpos=19&hapos=19&sr_order=popularity&srpvid=721954d87f7808aa&srepoch=1753704243&all_sr_blocks=0_0_2_0_0&highlighted_blocks=0_0_2_0_0&matching_block_id=0_0_2_0_0&sr_pri_blocks=0_0_2_0_0__242503&from=searchresults
